,m,n,strain angle,twist angle,EST. atom number
0,7,4,89.43057474546887,10.989996325138192,224
1,9,5,89.78031985139852,8.589243775521073,360
2,11,6,89.94482394799182,7.044965134437786,528
3,12,6,90.52671445465771,6.463074627771927,576
4,12,7,89.53605376507525,6.463074627771927,672
5,13,7,90.0294754658714,5.96965292697576,728
6,14,7,90.4531196248241,5.546008768023066,784
7,14,8,89.7077215427149,5.546008768023066,896
8,15,8,90.07537419475106,5.178356115986914,960
9,15,9,89.49437160110693,5.178356115986914,1080
10,16,8,90.39742244645277,4.8563078642852116,1024
11,16,9,89.81641985280865,4.8563078642852116,1152
12,17,9,90.10083640597477,4.571891311119068,1224
13,17,10,89.63533411885135,4.571891311119068,1360
14,18,9,90.35384125330481,4.318886463789044,1296
15,18,10,89.88833896618138,4.318886463789044,1440
16,18,11,89.50705636917591,4.318886463789044,1584
17,19,9,90.58035743317052,4.092370283923332,1368
18,19,10,90.1148551460471,4.092370283923332,1520
19,19,11,89.73357254904163,4.092370283923332,1672
20,19,12,89.41557617211942,4.092370283923332,1824
21,20,10,90.31882953132612,3.8883958986442972,1600
22,20,11,89.93754693432066,3.8883958986442972,1760
23,20,12,89.61955055739845,3.8883958986442972,1920
24,21,10,90.50346302390214,3.7037624060682894,1680
25,21,11,90.12218042689666,3.7037624060682894,1848
26,21,12,89.80418404997445,3.7037624060682894,2016
27,21,13,89.53494029191808,3.7037624060682894,2184
28,22,11,90.29009602722317,3.5358468057417842,1936
29,22,12,89.97209965030096,3.5358468057417842,2112
30,22,13,89.70285589224457,3.5358468057417842,2288
31,22,14,89.4719610545326,3.5358468057417842,2464
32,23,11,90.4434634750466,3.3824793579183488,2024
33,23,12,90.1254670981244,3.3824793579183488,2208
34,23,13,89.85622334006803,3.3824793579183488,2392
35,23,14,89.62532850235604,3.3824793579183488,2576
36,23,15,89.42514024680898,3.3824793579183488,2760
37,24,11,90.58409299910979,3.2418498338551713,2112
38,24,12,90.26609662218758,3.2418498338551713,2304
39,24,13,89.99685286413118,3.2418498338551713,2496
40,24,14,89.76595802641921,3.2418498338551713,2688
41,24,15,89.56576977087217,3.2418498338551713,2880
42,25,12,90.39551036794094,3.1124360881018136,2400
43,25,13,90.12626660988455,3.1124360881018136,2600
44,25,14,89.89537177217257,3.1124360881018136,2800
45,25,15,89.69518351662552,3.1124360881018136,3000
46,25,16,89.51996233141377,3.1124360881018136,3200
47,26,12,90.5149974617333,2.9929489943094487,2496
48,26,13,90.24575370367691,2.9929489943094487,2704
49,26,14,90.01485886596494,2.9929489943094487,2912
50,26,15,89.81467061041789,2.9929489943094487,3120
51,26,16,89.63944942520612,2.9929489943094487,3328
52,26,17,89.48480146020239,2.9929489943094487,3536
53,27,13,90.35641316247343,2.882289535512925,2808
54,27,14,90.12551832476146,2.882289535512925,3024
55,27,15,89.9253300692144,2.882289535512925,3240
56,27,16,89.75010888400266,2.882289535512925,3456
57,27,17,89.59546091899891,2.882289535512925,3672
58,27,18,89.45796565777108,2.882289535512925,3888
59,28,13,90.45918766564989,2.779515032336489,2912
60,28,14,90.22829282793789,2.779515032336489,3136
61,28,15,90.02810457239084,2.779515032336489,3360
62,28,16,89.85288338717909,2.779515032336489,3584
63,28,17,89.69823542217533,2.779515032336489,3808
64,28,18,89.56074016094752,2.779515032336489,4032
65,28,19,89.43769517362264,2.779515032336489,4256
66,29,13,90.55489037972144,2.6838123182649216,3016
67,29,14,90.32399554200944,2.6838123182649216,3248
68,29,15,90.12380728646242,2.6838123182649216,3480
69,29,16,89.94858610125065,2.6838123182649216,3712
70,29,17,89.79393813624691,2.6838123182649216,3944
71,29,18,89.6564428750191,2.6838123182649216,4176
72,29,19,89.5333978876942,2.6838123182649216,4408
73,29,20,89.42263986946716,2.6838123182649216,4640
74,30,14,90.41333160913445,2.5944762511399357,3360
75,30,15,90.2131433535874,2.5944762511399357,3600
76,30,16,90.03792216837564,2.5944762511399357,3840
77,30,17,89.8832742033719,2.5944762511399357,4080
78,30,18,89.74577894214407,2.5944762511399357,4320
79,30,19,89.6227339548192,2.5944762511399357,4560
80,30,20,89.51197593659215,2.5944762511399357,4800
81,30,21,89.41175270509255,2.5944762511399357,5040
82,31,14,90.4969154973212,2.510892362953186,3472
83,31,15,90.29672724177414,2.510892362953186,3720
84,31,16,90.12150605656238,2.510892362953186,3968
85,31,17,89.96685809155865,2.510892362953186,4216
86,31,18,89.82936283033082,2.510892362953186,4464
87,31,19,89.70631784300595,2.510892362953186,4712
88,31,20,89.5955598247789,2.510892362953186,4960
89,31,21,89.4953365932793,2.510892362953186,5208
90,31,22,89.40421388908258,2.510892362953186,5456
91,32,14,90.57528511266023,2.4325227476141493,3584
92,32,15,90.37509685711316,2.4325227476141493,3840
93,32,16,90.19987567190144,2.4325227476141493,4096
94,32,17,90.04522770689769,2.4325227476141493,4352
95,32,18,89.90773244566986,2.4325227476141493,4608
96,32,19,89.78468745834499,2.4325227476141493,4864
97,32,20,89.67392944011793,2.4325227476141493,5120
98,32,21,89.57370620861835,2.4325227476141493,5376
99,32,22,89.48258350442163,2.4325227476141493,5632
100,33,15,90.44872510137488,2.3588945033524547,3960
101,33,16,90.27350391616312,2.3588945033524547,4224
102,33,17,90.11885595115939,2.3588945033524547,4488
103,33,18,89.98136068993156,2.3588945033524547,4752
104,33,19,89.85831570260667,2.3588945033524547,5016
105,33,20,89.74755768437963,2.3588945033524547,5280
106,33,21,89.64733445288003,2.3588945033524547,5544
107,33,22,89.55621174868332,2.3588945033524547,5808
108,33,23,89.47300428130555,2.3588945033524547,6072
109,34,15,90.51802939841008,2.2895902063172504,4080
110,34,16,90.34280821319831,2.2895902063172504,4352
111,34,17,90.18816024819459,2.2895902063172504,4624
112,34,18,90.05066498696677,2.2895902063172504,4896
113,34,19,89.92761999964188,2.2895902063172504,5168
114,34,20,89.81686198141485,2.2895902063172504,5440
115,34,21,89.71663874991525,2.2895902063172504,5712
116,34,22,89.62551604571853,2.2895902063172504,5984
117,34,23,89.54230857834075,2.2895902063172504,6256
118,34,24,89.46602826714407,2.2895902063172504,6528
119,35,15,90.58337959376556,2.224240010961767,4200
120,35,16,90.4081584085538,2.224240010961767,4480
121,35,17,90.25351044355007,2.224240010961767,4760
122,35,18,90.11601518232224,2.224240010961767,5040
123,35,19,89.99297019499737,2.224240010961767,5320
124,35,20,89.88221217677032,2.224240010961767,5600
125,35,21,89.78198894527074,2.224240010961767,5880
126,35,22,89.69086624107402,2.224240010961767,6160
127,35,23,89.60765877369624,2.224240010961767,6440
128,35,24,89.53137846249956,2.224240010961767,6720
129,35,25,89.4611950710203,2.224240010961767,7000
130,36,16,90.46988335728143,2.1625150622341436,4608
131,36,17,90.3152353922777,2.1625150622341436,4896
132,36,18,90.17774013104987,2.1625150622341436,5184
133,36,19,90.054695143725,2.1625150622341436,5472
134,36,20,89.94393712549795,2.1625150622341436,5760
135,36,21,89.84371389399834,2.1625150622341436,6048
136,36,22,89.75259118980165,2.1625150622341436,6336
137,36,23,89.66938372242386,2.1625150622341436,6624
138,36,24,89.59310341122718,2.1625150622341436,6912
139,36,25,89.52292001974791,2.1625150622341436,7200
140,36,26,89.45813085508061,2.1625150622341436,7488
141,37,16,90.5282764471283,2.1041219723872655,4736
142,37,17,90.37362848212457,2.1041219723872655,5032
143,37,18,90.23613322089675,2.1041219723872655,5328
144,37,19,90.11308823357187,2.1041219723872655,5624
145,37,20,90.00233021534483,2.1041219723872655,5920
146,37,21,89.90210698384523,2.1041219723872655,6216
147,37,22,89.81098427964851,2.1041219723872655,6512
148,37,23,89.72777681227073,2.1041219723872655,6808
149,37,24,89.65149650107405,2.1041219723872655,7104
150,37,25,89.5813131095948,2.1041219723872655,7400
151,37,26,89.51652394492748,2.1041219723872655,7696
152,37,27,89.4565302773654,2.1041219723872655,7992
153,37,28,89.40081880380161,2.1041219723872655,8288
154,38,16,90.58360025248086,2.048798167034709,4864
155,38,17,90.42895228747712,2.048798167034709,5168
156,38,18,90.29145702624929,2.048798167034709,5472
157,38,19,90.16841203892442,2.048798167034709,5776
158,38,20,90.05765402069737,2.048798167034709,6080
159,38,21,89.95743078919779,2.048798167034709,6384
160,38,22,89.86630808500107,2.048798167034709,6688
161,38,23,89.78310061762329,2.048798167034709,6992
162,38,24,89.70682030642661,2.048798167034709,7296
163,38,25,89.63663691494736,2.048798167034709,7600
164,38,26,89.57184775028004,2.048798167034709,7904
165,38,27,89.51185408271796,2.048798167034709,8208
166,38,28,89.45614260915418,2.048798167034709,8512
167,38,29,89.40427074517972,2.048798167034709,8816
168,39,17,90.48144250951944,1.996307944992402,5304
169,39,18,90.34394724829161,1.996307944992402,5616
170,39,19,90.22090226096672,1.996307944992402,5928
171,39,20,90.1101442427397,1.996307944992402,6240
172,39,21,90.0099210112401,1.996307944992402,6552
173,39,22,89.91879830704339,1.996307944992402,6864
174,39,23,89.8355908396656,1.996307944992402,7176
175,39,24,89.75931052846892,1.996307944992402,7488
176,39,25,89.68912713698965,1.996307944992402,7800
177,39,26,89.62433797232234,1.996307944992402,8112
178,39,27,89.56434430476027,1.996307944992402,8424
179,39,28,89.50863283119648,1.996307944992402,8736
180,39,29,89.45676096722202,1.996307944992402,9048
181,39,30,89.40834507619361,1.996307944992402,9360
182,40,17,90.53131132709473,1.946439127417111,5440
183,40,18,90.3938160658669,1.946439127417111,5760
184,40,19,90.27077107854203,1.946439127417111,6080
185,40,20,90.16001306031498,1.946439127417111,6400
186,40,21,90.0597898288154,1.946439127417111,6720
187,40,22,89.96866712461866,1.946439127417111,7040
188,40,23,89.88545965724089,1.946439127417111,7360
189,40,24,89.8091793460442,1.946439127417111,7680
190,40,25,89.73899595456496,1.946439127417111,8000
191,40,26,89.67420678989764,1.946439127417111,8320
192,40,27,89.61421312233556,1.946439127417111,8640
193,40,28,89.55850164877178,1.946439127417111,8960
194,40,29,89.50662978479733,1.946439127417111,9280
195,40,30,89.4582138937689,1.946439127417111,9600
196,40,31,89.41291979079021,1.946439127417111,9920
197,41,17,90.57875025855779,1.8990001959540352,5576
198,41,18,90.44125499732998,1.8990001959540352,5904
199,41,19,90.31821001000509,1.8990001959540352,6232
200,41,20,90.20745199177804,1.8990001959540352,6560
201,41,21,90.10722876027846,1.8990001959540352,6888
202,41,22,90.01610605608174,1.8990001959540352,7216
203,41,23,89.93289858870396,1.8990001959540352,7544
204,41,24,89.8566182775073,1.8990001959540352,7872
205,41,25,89.78643488602802,1.8990001959540352,8200
206,41,26,89.72164572136072,1.8990001959540352,8528
207,41,27,89.66165205379865,1.8990001959540352,8856
208,41,28,89.60594058023484,1.8990001959540352,9184
209,41,29,89.55406871626039,1.8990001959540352,9512
210,41,30,89.50565282523196,1.8990001959540352,9840
211,41,31,89.46035872225328,1.8990001959540352,10168
212,41,32,89.41789395622568,1.8990001959540352,10496
213,42,18,90.48643735464256,1.8538178386414355,6048
214,42,19,90.3633923673177,1.8538178386414355,6384
215,42,20,90.25263434909064,1.8538178386414355,6720
216,42,21,90.15241111759104,1.8538178386414355,7056
217,42,22,90.06128841339435,1.8538178386414355,7392
218,42,23,89.97808094601656,1.8538178386414355,7728
219,42,24,89.90180063481988,1.8538178386414355,8064
220,42,25,89.83161724334063,1.8538178386414355,8400
221,42,26,89.76682807867331,1.8538178386414355,8736
222,42,27,89.70683441111123,1.8538178386414355,9072
223,42,28,89.65112293754746,1.8538178386414355,9408
224,42,29,89.59925107357299,1.8538178386414355,9744
225,42,30,89.55083518254456,1.8538178386414355,10080
226,42,31,89.50554107956589,1.8538178386414355,10416
227,42,32,89.4630763135383,1.8538178386414355,10752
228,42,33,89.42318385067712,1.8538178386414355,11088
229,43,18,90.52952035589742,1.8107348373865995,6192
230,43,19,90.40647536857253,1.8107348373865995,6536
231,43,20,90.2957173503455,1.8107348373865995,6880
232,43,21,90.1954941188459,1.8107348373865995,7224
233,43,22,90.10437141464918,1.8107348373865995,7568
234,43,23,90.02116394727139,1.8107348373865995,7912
235,43,24,89.94488363607472,1.8107348373865995,8256
236,43,25,89.87470024459547,1.8107348373865995,8600
237,43,26,89.80991107992814,1.8107348373865995,8944
238,43,27,89.74991741236607,1.8107348373865995,9288
239,43,28,89.69420593880228,1.8107348373865995,9632
240,43,29,89.64233407482783,1.8107348373865995,9976
241,43,30,89.5939181837994,1.8107348373865995,10320
242,43,31,89.54862408082072,1.8107348373865995,10664
243,43,32,89.50615931479312,1.8107348373865995,11008
244,43,33,89.46626685193195,1.8107348373865995,11352
245,43,34,89.42871987261557,1.8107348373865995,11696
246,44,18,90.5706469504609,1.7696082428231141,6336
247,44,19,90.44760196313601,1.7696082428231141,6688
248,44,20,90.33684394490898,1.7696082428231141,7040
249,44,21,90.23662071340938,1.7696082428231141,7392
250,44,22,90.14549800921266,1.7696082428231141,7744
251,44,23,90.06229054183488,1.7696082428231141,8096
252,44,24,89.9860102306382,1.7696082428231141,8448
253,44,25,89.91582683915895,1.7696082428231141,8800
254,44,26,89.85103767449164,1.7696082428231141,9152
255,44,27,89.79104400692955,1.7696082428231141,9504
256,44,28,89.73533253336576,1.7696082428231141,9856
257,44,29,89.68346066939131,1.7696082428231141,10208
258,44,30,89.6350447783629,1.7696082428231141,10560
259,44,31,89.5897506753842,1.7696082428231141,10912
260,44,32,89.5472859093566,1.7696082428231141,11264
261,44,33,89.50739344649544,1.7696082428231141,11616
262,44,34,89.46984646717905,1.7696082428231141,11968
263,44,35,89.43444405375699,1.7696082428231141,12320
264,44,36,89.40100759629009,1.7696082428231141,12672
265,45,19,90.48690241399505,1.7303077919640664,6840
266,45,20,90.37614439576802,1.7303077919640664,7200
267,45,21,90.27592116426842,1.7303077919640664,7560
268,45,22,90.18479846007173,1.7303077919640664,7920
269,45,23,90.10159099269393,1.7303077919640664,8280
270,45,24,90.02531068149725,1.7303077919640664,8640
271,45,25,89.955127290018,1.7303077919640664,9000
272,45,26,89.89033812535068,1.7303077919640664,9360
273,45,27,89.83034445778861,1.7303077919640664,9720
274,45,28,89.77463298422481,1.7303077919640664,10080
275,45,29,89.72276112025037,1.7303077919640664,10440
276,45,30,89.67434522922194,1.7303077919640664,10800
277,45,31,89.62905112624324,1.7303077919640664,11160
278,45,32,89.58658636021566,1.7303077919640664,11520
279,45,33,89.54669389735449,1.7303077919640664,11880
280,45,34,89.50914691803811,1.7303077919640664,12240
281,45,35,89.47374450461602,1.7303077919640664,12600
282,45,36,89.44030804714913,1.7303077919640664,12960
283,45,37,89.4086782314157,1.7303077919640664,13320
284,46,19,90.52449567416168,1.6927145317974326,6992
285,46,20,90.41373765593464,1.6927145317974326,7360
286,46,21,90.31351442443506,1.6927145317974326,7728
287,46,22,90.22239172023833,1.6927145317974326,8096
288,46,23,90.13918425286056,1.6927145317974326,8464
289,46,24,90.06290394166389,1.6927145317974326,8832
290,46,25,89.99272055018463,1.6927145317974326,9200
291,46,26,89.92793138551731,1.6927145317974326,9568
292,46,27,89.86793771795524,1.6927145317974326,9936
293,46,28,89.81222624439145,1.6927145317974326,10304
294,46,29,89.760354380417,1.6927145317974326,10672
295,46,30,89.71193848938857,1.6927145317974326,11040
296,46,31,89.66664438640989,1.6927145317974326,11408
297,46,32,89.6241796203823,1.6927145317974326,11776
298,46,33,89.58428715752112,1.6927145317974326,12144
299,46,34,89.54674017820473,1.6927145317974326,12512
300,46,35,89.51133776478265,1.6927145317974326,12880
301,46,36,89.47790130731578,1.6927145317974326,13248
302,46,37,89.44627149158234,1.6927145317974326,13616
303,46,38,89.41630576220908,1.6927145317974326,13984
304,47,19,90.56049058773357,1.6567196182255786,7144
305,47,20,90.44973256950652,1.6567196182255786,7520
306,47,21,90.34950933800692,1.6567196182255786,7896
307,47,22,90.2583866338102,1.6567196182255786,8272
308,47,23,90.17517916643241,1.6567196182255786,8648
309,47,24,90.09889885523573,1.6567196182255786,9024
310,47,25,90.02871546375648,1.6567196182255786,9400
311,47,26,89.96392629908917,1.6567196182255786,9776
312,47,27,89.90393263152708,1.6567196182255786,10152
313,47,28,89.84822115796331,1.6567196182255786,10528
314,47,29,89.79634929398885,1.6567196182255786,10904
315,47,30,89.74793340296043,1.6567196182255786,11280
316,47,31,89.70263929998173,1.6567196182255786,11656
317,47,32,89.66017453395413,1.6567196182255786,12032
318,47,33,89.62028207109297,1.6567196182255786,12408
319,47,34,89.58273509177658,1.6567196182255786,12784
320,47,35,89.54733267835451,1.6567196182255786,13160
321,47,36,89.51389622088763,1.6567196182255786,13536
322,47,37,89.48226640515419,1.6567196182255786,13912
323,47,38,89.45230067578093,1.6567196182255786,14288
324,47,39,89.42387108930954,1.6567196182255786,14664
325,48,19,90.59498694112209,1.622223264837049,7296
326,48,20,90.48422892289506,1.622223264837049,7680
327,48,21,90.38400569139546,1.622223264837049,8064
328,48,22,90.29288298719874,1.622223264837049,8448
329,48,23,90.20967551982095,1.622223264837049,8832
330,48,24,90.13339520862426,1.622223264837049,9216
331,48,25,90.06321181714502,1.622223264837049,9600
332,48,26,89.9984226524777,1.622223264837049,9984
333,48,27,89.93842898491562,1.622223264837049,10368
334,48,28,89.88271751135183,1.622223264837049,10752
335,48,29,89.83084564737737,1.622223264837049,11136
336,48,30,89.78242975634896,1.622223264837049,11520
337,48,31,89.73713565337026,1.622223264837049,11904
338,48,32,89.69467088734267,1.622223264837049,12288
339,48,33,89.6547784244815,1.622223264837049,12672
340,48,34,89.61723144516512,1.622223264837049,13056
341,48,35,89.58182903174304,1.622223264837049,13440
342,48,36,89.54839257427615,1.622223264837049,13824
343,48,37,89.51676275854273,1.622223264837049,14208
344,48,38,89.48679702916947,1.622223264837049,14592
345,48,39,89.45836744269806,1.622223264837049,14976
346,48,40,89.43135884241615,1.622223264837049,15360
347,48,41,89.40566730006908,1.622223264837049,15744
348,49,20,90.51731836757862,1.5891338201534706,7840
349,49,21,90.41709513607903,1.5891338201534706,8232
350,49,22,90.3259724318823,1.5891338201534706,8624
351,49,23,90.24276496450453,1.5891338201534706,9016
352,49,24,90.16648465330783,1.5891338201534706,9408
353,49,25,90.09630126182861,1.5891338201534706,9800
354,49,26,90.03151209716128,1.5891338201534706,10192
355,49,27,89.9715184295992,1.5891338201534706,10584
356,49,28,89.91580695603541,1.5891338201534706,10976
357,49,29,89.86393509206097,1.5891338201534706,11368
358,49,30,89.81551920103253,1.5891338201534706,11760
359,49,31,89.77022509805384,1.5891338201534706,12152
360,49,32,89.72776033202625,1.5891338201534706,12544
361,49,33,89.68786786916507,1.5891338201534706,12936
362,49,34,89.6503208898487,1.5891338201534706,13328
363,49,35,89.61491847642662,1.5891338201534706,13720
364,49,36,89.58148201895973,1.5891338201534706,14112
365,49,37,89.5498522032263,1.5891338201534706,14504
366,49,38,89.51988647385303,1.5891338201534706,14896
367,49,39,89.49145688738164,1.5891338201534706,15288
368,49,40,89.46444828709973,1.5891338201534706,15680
369,49,41,89.43875674475265,1.5891338201534706,16072
370,49,42,89.41428822469595,1.5891338201534706,16464
371,50,20,90.54908523232879,1.557366955403302,8000
372,50,21,90.4488620008292,1.557366955403302,8400
373,50,22,90.35773929663247,1.557366955403302,8800
374,50,23,90.2745318292547,1.557366955403302,9200
375,50,24,90.19825151805802,1.557366955403302,9600
376,50,25,90.12806812657878,1.557366955403302,10000
377,50,26,90.06327896191145,1.557366955403302,10400
378,50,27,90.00328529434937,1.557366955403302,10800
379,50,28,89.94757382078558,1.557366955403302,11200
380,50,29,89.89570195681112,1.557366955403302,11600
381,50,30,89.8472860657827,1.557366955403302,12000
382,50,31,89.80199196280401,1.557366955403302,12400
383,50,32,89.75952719677642,1.557366955403302,12800
384,50,33,89.71963473391526,1.557366955403302,13200
385,50,34,89.68208775459887,1.557366955403302,13600
386,50,35,89.64668534117679,1.557366955403302,14000
387,50,36,89.6132488837099,1.557366955403302,14400
388,50,37,89.58161906797648,1.557366955403302,14800
389,50,38,89.55165333860322,1.557366955403302,15200
390,50,39,89.5232237521318,1.557366955403302,15600
391,50,40,89.4962151518499,1.557366955403302,16000
392,50,41,89.47052360950282,1.557366955403302,16400
393,50,42,89.44605508944612,1.557366955403302,16800
394,50,43,89.42272429905792,1.557366955403302,17200
395,50,44,89.40045369580352,1.557366955403302,17600
396,51,20,90.57960724004909,1.526844947683012,8160
397,51,21,90.47938400854947,1.526844947683012,8568
398,51,22,90.38826130435275,1.526844947683012,8976
399,51,23,90.30505383697498,1.526844947683012,9384
400,51,24,90.22877352577831,1.526844947683012,9792
401,51,25,90.15859013429906,1.526844947683012,10200
402,51,26,90.09380096963173,1.526844947683012,10608
403,51,27,90.03380730206965,1.526844947683012,11016
404,51,28,89.97809582850587,1.526844947683012,11424
405,51,29,89.92622396453142,1.526844947683012,11832
406,51,30,89.87780807350299,1.526844947683012,12240
407,51,31,89.8325139705243,1.526844947683012,12648
408,51,32,89.79004920449671,1.526844947683012,13056
409,51,33,89.75015674163554,1.526844947683012,13464
410,51,34,89.71260976231915,1.526844947683012,13872
411,51,35,89.67720734889708,1.526844947683012,14280
412,51,36,89.6437708914302,1.526844947683012,14688
413,51,37,89.61214107569675,1.526844947683012,15096
414,51,38,89.5821753463235,1.526844947683012,15504
415,51,39,89.5537457598521,1.526844947683012,15912
416,51,40,89.52673715957019,1.526844947683012,16320
417,51,41,89.50104561722311,1.526844947683012,16728
418,51,42,89.47657709716641,1.526844947683012,17136
419,51,43,89.45324630677821,1.526844947683012,17544
420,51,44,89.43097570352381,1.526844947683012,17952
421,51,45,89.40969463432283,1.526844947683012,18360
422,52,21,90.50873291054226,1.4974960456902324,8736
423,52,22,90.41761020634554,1.4974960456902324,9152
424,52,23,90.33440273896777,1.4974960456902324,9568
425,52,24,90.25812242777107,1.4974960456902324,9984
426,52,25,90.18793903629184,1.4974960456902324,10400
427,52,26,90.12314987162452,1.4974960456902324,10816
428,52,27,90.06315620406244,1.4974960456902324,11232
429,52,28,90.00744473049865,1.4974960456902324,11648
430,52,29,89.9555728665242,1.4974960456902324,12064
431,52,30,89.90715697549577,1.4974960456902324,12480
432,52,31,89.86186287251708,1.4974960456902324,12896
433,52,32,89.81939810648949,1.4974960456902324,13312
434,52,33,89.77950564362831,1.4974960456902324,13728
435,52,34,89.74195866431194,1.4974960456902324,14144
436,52,35,89.70655625088986,1.4974960456902324,14560
437,52,36,89.67311979342298,1.4974960456902324,14976
438,52,37,89.64148997768953,1.4974960456902324,15392
439,52,38,89.61152424831627,1.4974960456902324,15808
440,52,39,89.58309466184488,1.4974960456902324,16224
441,52,40,89.55608606156297,1.4974960456902324,16640
442,52,41,89.53039451921589,1.4974960456902324,17056
443,52,42,89.5059259991592,1.4974960456902324,17472
444,52,43,89.48259520877099,1.4974960456902324,17888
445,52,44,89.46032460551659,1.4974960456902324,18304
446,52,45,89.43904353631561,1.4974960456902324,18720
447,52,46,89.41868748909391,1.4974960456902324,19136
448,53,21,90.53697504908881,1.4692539071436914,8904
449,53,22,90.44585234489209,1.4692539071436914,9328
450,53,23,90.3626448775143,1.4692539071436914,9752
451,53,24,90.28636456631763,1.4692539071436914,10176
452,53,25,90.21618117483837,1.4692539071436914,10600
453,53,26,90.15139201017105,1.4692539071436914,11024
454,53,27,90.09139834260897,1.4692539071436914,11448
455,53,28,90.0356868690452,1.4692539071436914,11872
456,53,29,89.98381500507072,1.4692539071436914,12296
457,53,30,89.9353991140423,1.4692539071436914,12720
458,53,31,89.89010501106362,1.4692539071436914,13144
459,53,32,89.84764024503603,1.4692539071436914,13568
460,53,33,89.80774778217487,1.4692539071436914,13992
461,53,34,89.77020080285848,1.4692539071436914,14416
462,53,35,89.73479838943639,1.4692539071436914,14840
463,53,36,89.70136193196952,1.4692539071436914,15264
464,53,37,89.66973211623609,1.4692539071436914,15688
465,53,38,89.63976638686283,1.4692539071436914,16112
466,53,39,89.61133680039143,1.4692539071436914,16536
467,53,40,89.5843282001095,1.4692539071436914,16960
468,53,41,89.55863665776243,1.4692539071436914,17384
469,53,42,89.53416813770573,1.4692539071436914,17808
470,53,43,89.51083734731753,1.4692539071436914,18232
471,53,44,89.48856674406312,1.4692539071436914,18656
472,53,45,89.46728567486214,1.4692539071436914,19080
473,53,46,89.44692962764046,1.4692539071436914,19504
474,53,47,89.42743957837013,1.4692539071436914,19928
475,53,48,89.40876141968161,1.4692539071436914,20352
476,54,21,90.56417185761848,1.442057098614025,9072
477,54,22,90.47304915342175,1.442057098614025,9504
478,54,23,90.38984168604398,1.442057098614025,9936
479,54,24,90.3135613748473,1.442057098614025,10368
480,54,25,90.24337798336806,1.442057098614025,10800
481,54,26,90.17858881870072,1.442057098614025,11232
482,54,27,90.11859515113865,1.442057098614025,11664
483,54,28,90.06288367757486,1.442057098614025,12096
484,54,29,90.0110118136004,1.442057098614025,12528
485,54,30,89.96259592257198,1.442057098614025,12960
486,54,31,89.91730181959328,1.442057098614025,13392
487,54,32,89.8748370535657,1.442057098614025,13824
488,54,33,89.83494459070452,1.442057098614025,14256
489,54,34,89.79739761138815,1.442057098614025,14688
490,54,35,89.76199519796607,1.442057098614025,15120
491,54,36,89.72855874049918,1.442057098614025,15552
492,54,37,89.69692892476574,1.442057098614025,15984
493,54,38,89.66696319539248,1.442057098614025,16416
494,54,39,89.6385336089211,1.442057098614025,16848
495,54,40,89.61152500863918,1.442057098614025,17280
496,54,41,89.5858334662921,1.442057098614025,17712
497,54,42,89.5613649462354,1.442057098614025,18144
498,54,43,89.53803415584719,1.442057098614025,18576
499,54,44,89.51576355259279,1.442057098614025,19008
500,54,45,89.4944824833918,1.442057098614025,19440
501,54,46,89.47412643617012,1.442057098614025,19872
502,54,47,89.45463638689981,1.442057098614025,20304
503,54,48,89.43595822821129,1.442057098614025,20736
504,54,49,89.41804226793217,1.442057098614025,21168
505,54,50,89.4008427877689,1.442057098614025,21600
506,55,21,90.59038030639637,1.4158486498361222,9240
507,55,22,90.49925760219966,1.4158486498361222,9680
508,55,23,90.41605013482189,1.4158486498361222,10120
509,55,24,90.33976982362519,1.4158486498361222,10560
510,55,25,90.26958643214594,1.4158486498361222,11000
511,55,26,90.20479726747864,1.4158486498361222,11440
512,55,27,90.14480359991656,1.4158486498361222,11880
513,55,28,90.08909212635275,1.4158486498361222,12320
514,55,29,90.0372202623783,1.4158486498361222,12760
515,55,30,89.98880437134987,1.4158486498361222,13200
516,55,31,89.94351026837118,1.4158486498361222,13640
517,55,32,89.90104550234359,1.4158486498361222,14080
518,55,33,89.86115303948243,1.4158486498361222,14520
519,55,34,89.82360606016606,1.4158486498361222,14960
520,55,35,89.78820364674397,1.4158486498361222,15400
521,55,36,89.75476718927709,1.4158486498361222,15840
522,55,37,89.72313737354365,1.4158486498361222,16280
523,55,38,89.69317164417039,1.4158486498361222,16720
524,55,39,89.664742057699,1.4158486498361222,17160
525,55,40,89.63773345741707,1.4158486498361222,17600
526,55,41,89.61204191507001,1.4158486498361222,18040
527,55,42,89.58757339501331,1.4158486498361222,18480
528,55,43,89.56424260462511,1.4158486498361222,18920
529,55,44,89.5419720013707,1.4158486498361222,19360
530,55,45,89.52069093216971,1.4158486498361222,19800
531,55,46,89.50033488494802,1.4158486498361222,20240
532,55,47,89.4808448356777,1.4158486498361222,20680
533,55,48,89.46216667698918,1.4158486498361222,21120
534,55,49,89.44425071671007,1.4158486498361222,21560
535,55,50,89.4270512365468,1.4158486498361222,22000
536,55,51,89.4105261026594,1.4158486498361222,22440
537,56,22,90.52453059633154,1.3905756557042441,9856
538,56,23,90.44132312895377,1.3905756557042441,10304
539,56,24,90.36504281775707,1.3905756557042441,10752
540,56,25,90.29485942627781,1.3905756557042441,11200
541,56,26,90.23007026161049,1.3905756557042441,11648
542,56,27,90.17007659404844,1.3905756557042441,12096
543,56,28,90.11436512048463,1.3905756557042441,12544
544,56,29,90.06249325651018,1.3905756557042441,12992
545,56,30,90.01407736548175,1.3905756557042441,13440
546,56,31,89.96878326250307,1.3905756557042441,13888
547,56,32,89.92631849647547,1.3905756557042441,14336
548,56,33,89.88642603361431,1.3905756557042441,14784
549,56,34,89.84887905429792,1.3905756557042441,15232
550,56,35,89.81347664087585,1.3905756557042441,15680
551,56,36,89.78004018340896,1.3905756557042441,16128
552,56,37,89.74841036767553,1.3905756557042441,16576
553,56,38,89.71844463830227,1.3905756557042441,17024
554,56,39,89.69001505183087,1.3905756557042441,17472
555,56,40,89.66300645154895,1.3905756557042441,17920
556,56,41,89.63731490920189,1.3905756557042441,18368
557,56,42,89.61284638914519,1.3905756557042441,18816
558,56,43,89.58951559875698,1.3905756557042441,19264
559,56,44,89.56724499550256,1.3905756557042441,19712
560,56,45,89.5459639263016,1.3905756557042441,20160
561,56,46,89.52560787907991,1.3905756557042441,20608
562,56,47,89.50611782980957,1.3905756557042441,21056
563,56,48,89.48743967112107,1.3905756557042441,21504
564,56,49,89.46952371084194,1.3905756557042441,21952
565,56,50,89.45232423067868,1.3905756557042441,22400
566,56,51,89.43579909679127,1.3905756557042441,22848
567,56,52,89.41990941527939,1.3905756557042441,23296
568,56,53,89.40461922665133,1.3905756557042441,23744
569,57,22,90.54891733193215,1.3661889201036306,10032
570,57,23,90.46570986455437,1.3661889201036306,10488
571,57,24,90.38942955335767,1.3661889201036306,10944
572,57,25,90.31924616187844,1.3661889201036306,11400
573,57,26,90.25445699721112,1.3661889201036306,11856
574,57,27,90.19446332964904,1.3661889201036306,12312
575,57,28,90.13875185608525,1.3661889201036306,12768
576,57,29,90.08687999211081,1.3661889201036306,13224
577,57,30,90.03846410108237,1.3661889201036306,13680
578,57,31,89.99316999810368,1.3661889201036306,14136
579,57,32,89.95070523207609,1.3661889201036306,14592
580,57,33,89.91081276921491,1.3661889201036306,15048
581,57,34,89.87326578989854,1.3661889201036306,15504
582,57,35,89.83786337647646,1.3661889201036306,15960
583,57,36,89.80442691900959,1.3661889201036306,16416
584,57,37,89.77279710327613,1.3661889201036306,16872
585,57,38,89.74283137390287,1.3661889201036306,17328
586,57,39,89.71440178743148,1.3661889201036306,17784
587,57,40,89.68739318714957,1.3661889201036306,18240
588,57,41,89.66170164480249,1.3661889201036306,18696
589,57,42,89.63723312474579,1.3661889201036306,19152
590,57,43,89.61390233435759,1.3661889201036306,19608
591,57,44,89.59163173110319,1.3661889201036306,20064
592,57,45,89.57035066190221,1.3661889201036306,20520
593,57,46,89.54999461468051,1.3661889201036306,20976
594,57,47,89.5305045654102,1.3661889201036306,21432
595,57,48,89.51182640672167,1.3661889201036306,21888
596,57,49,89.49391044644257,1.3661889201036306,22344
597,57,50,89.4767109662793,1.3661889201036306,22800
598,57,51,89.4601858323919,1.3661889201036306,23256
599,57,52,89.44429615088,1.3661889201036306,23712
600,57,53,89.42900596225196,1.3661889201036306,24168
601,57,54,89.41428196982606,1.3661889201036306,24624
602,57,55,89.40009329774786,1.3661889201036306,25080
603,58,22,90.57246361549855,1.3426426365372446,10208
604,58,23,90.48925614812076,1.3426426365372446,10672
605,58,24,90.41297583692406,1.3426426365372446,11136
606,58,25,90.34279244544483,1.3426426365372446,11600
607,58,26,90.27800328077751,1.3426426365372446,12064
608,58,27,90.21800961321541,1.3426426365372446,12528
609,58,28,90.16229813965163,1.3426426365372446,12992
610,58,29,90.11042627567718,1.3426426365372446,13456
611,58,30,90.06201038464874,1.3426426365372446,13920
612,58,31,90.01671628167006,1.3426426365372446,14384
613,58,32,89.97425151564248,1.3426426365372446,14848
614,58,33,89.9343590527813,1.3426426365372446,15312
615,58,34,89.89681207346491,1.3426426365372446,15776
616,58,35,89.86140966004285,1.3426426365372446,16240
617,58,36,89.82797320257596,1.3426426365372446,16704
618,58,37,89.79634338684252,1.3426426365372446,17168
619,58,38,89.76637765746926,1.3426426365372446,17632
620,58,39,89.73794807099787,1.3426426365372446,18096
621,58,40,89.71093947071596,1.3426426365372446,18560
622,58,41,89.6852479283689,1.3426426365372446,19024
623,58,42,89.66077940831218,1.3426426365372446,19488
624,58,43,89.637448617924,1.3426426365372446,19952
625,58,44,89.61517801466957,1.3426426365372446,20416
626,58,45,89.59389694546859,1.3426426365372446,20880
627,58,46,89.5735408982469,1.3426426365372446,21344
628,58,47,89.55405084897657,1.3426426365372446,21808
629,58,48,89.53537269028806,1.3426426365372446,22272
630,58,49,89.51745673000894,1.3426426365372446,22736
631,58,50,89.50025724984567,1.3426426365372446,23200
632,58,51,89.48373211595829,1.3426426365372446,23664
633,58,52,89.46784243444638,1.3426426365372446,24128
634,58,53,89.45255224581834,1.3426426365372446,24592
635,58,54,89.43782825339245,1.3426426365372446,25056
636,58,55,89.42363958131425,1.3426426365372446,25520
637,58,56,89.40995755848935,1.3426426365372446,25984
638,59,22,90.59521215084708,1.3198941011887129,10384
639,59,23,90.51200468346929,1.3198941011887129,10856
640,59,24,90.4357243722726,1.3198941011887129,11328
641,59,25,90.36554098079336,1.3198941011887129,11800
642,59,26,90.30075181612602,1.3198941011887129,12272
643,59,27,90.24075814856396,1.3198941011887129,12744
644,59,28,90.18504667500018,1.3198941011887129,13216
645,59,29,90.13317481102571,1.3198941011887129,13688
646,59,30,90.0847589199973,1.3198941011887129,14160
647,59,31,90.0394648170186,1.3198941011887129,14632
648,59,32,89.997000050991,1.3198941011887129,15104
649,59,33,89.95710758812984,1.3198941011887129,15576
650,59,34,89.91956060881346,1.3198941011887129,16048
651,59,35,89.8841581953914,1.3198941011887129,16520
652,59,36,89.8507217379245,1.3198941011887129,16992
653,59,37,89.81909192219106,1.3198941011887129,17464
654,59,38,89.7891261928178,1.3198941011887129,17936
655,59,39,89.76069660634641,1.3198941011887129,18408
656,59,40,89.73368800606448,1.3198941011887129,18880
657,59,41,89.70799646371741,1.3198941011887129,19352
658,59,42,89.6835279436607,1.3198941011887129,19824
659,59,43,89.6601971532725,1.3198941011887129,20296
660,59,44,89.63792655001811,1.3198941011887129,20768
661,59,45,89.61664548081713,1.3198941011887129,21240
662,59,46,89.59628943359543,1.3198941011887129,21712
663,59,47,89.57679938432511,1.3198941011887129,22184
664,59,48,89.5581212256366,1.3198941011887129,22656
665,59,49,89.54020526535749,1.3198941011887129,23128
666,59,50,89.52300578519421,1.3198941011887129,23600
667,59,51,89.50648065130682,1.3198941011887129,24072
668,59,52,89.49059096979492,1.3198941011887129,24544
669,59,53,89.47530078116687,1.3198941011887129,25016
670,59,54,89.46057678874098,1.3198941011887129,25488
671,59,55,89.44638811666279,1.3198941011887129,25960
672,59,56,89.43270609383788,1.3198941011887129,26432
673,59,57,89.41950406059937,1.3198941011887129,26904
674,59,58,89.40675719536725,1.3198941011887129,27376
675,60,23,90.53399533001524,1.2979034546427548,11040
676,60,24,90.45771501881858,1.2979034546427548,11520
677,60,25,90.38753162733933,1.2979034546427548,12000
678,60,26,90.322742462672,1.2979034546427548,12480
679,60,27,90.26274879510991,1.2979034546427548,12960
680,60,28,90.20703732154612,1.2979034546427548,13440
681,60,29,90.15516545757168,1.2979034546427548,13920
682,60,30,90.10674956654324,1.2979034546427548,14400
683,60,31,90.06145546356457,1.2979034546427548,14880
684,60,32,90.01899069753696,1.2979034546427548,15360
685,60,33,89.9790982346758,1.2979034546427548,15840
686,60,34,89.94155125535941,1.2979034546427548,16320
687,60,35,89.90614884193734,1.2979034546427548,16800
688,60,36,89.87271238447045,1.2979034546427548,17280
689,60,37,89.84108256873702,1.2979034546427548,17760
690,60,38,89.81111683936375,1.2979034546427548,18240
691,60,39,89.78268725289237,1.2979034546427548,18720
692,60,40,89.75567865261044,1.2979034546427548,19200
693,60,41,89.72998711026337,1.2979034546427548,19680
694,60,42,89.70551859020668,1.2979034546427548,20160
695,60,43,89.68218779981846,1.2979034546427548,20640
696,60,44,89.65991719656407,1.2979034546427548,21120
697,60,45,89.63863612736309,1.2979034546427548,21600
698,60,46,89.61828008014139,1.2979034546427548,22080
699,60,47,89.59879003087106,1.2979034546427548,22560
700,60,48,89.58011187218256,1.2979034546427548,23040
701,60,49,89.56219591190343,1.2979034546427548,23520
702,60,50,89.54499643174017,1.2979034546427548,24000
703,60,51,89.52847129785278,1.2979034546427548,24480
704,60,52,89.51258161634088,1.2979034546427548,24960
705,60,53,89.49729142771282,1.2979034546427548,25440
706,60,54,89.48256743528694,1.2979034546427548,25920
707,60,55,89.46837876320875,1.2979034546427548,26400
708,60,56,89.45469674038385,1.2979034546427548,26880
709,60,57,89.44149470714534,1.2979034546427548,27360
710,60,58,89.42874784191321,1.2979034546427548,27840
711,60,59,89.41643300547499,1.2979034546427548,28320
712,61,23,90.55526533567885,1.276633448979164,11224
713,61,24,90.47898502448216,1.276633448979164,11712
714,61,25,90.4088016330029,1.276633448979164,12200
715,61,26,90.34401246833558,1.276633448979164,12688
716,61,27,90.28401880077352,1.276633448979164,13176
717,61,28,90.22830732720972,1.276633448979164,13664
718,61,29,90.17643546323526,1.276633448979164,14152
719,61,30,90.12801957220684,1.276633448979164,14640
720,61,31,90.08272546922815,1.276633448979164,15128
721,61,32,90.04026070320054,1.276633448979164,15616
722,61,33,90.0003682403394,1.276633448979164,16104
723,61,34,89.96282126102301,1.276633448979164,16592
724,61,35,89.92741884760092,1.276633448979164,17080
725,61,36,89.89398239013404,1.276633448979164,17568
726,61,37,89.8623525744006,1.276633448979164,18056
727,61,38,89.83238684502734,1.276633448979164,18544
728,61,39,89.80395725855595,1.276633448979164,19032
729,61,40,89.77694865827402,1.276633448979164,19520
730,61,41,89.75125711592696,1.276633448979164,20008
731,61,42,89.72678859587026,1.276633448979164,20496
732,61,43,89.70345780548206,1.276633448979164,20984
733,61,44,89.68118720222765,1.276633448979164,21472
734,61,45,89.65990613302667,1.276633448979164,21960
735,61,46,89.63955008580498,1.276633448979164,22448
736,61,47,89.62006003653465,1.276633448979164,22936
737,61,48,89.60138187784614,1.276633448979164,23424
738,61,49,89.58346591756703,1.276633448979164,23912
739,61,50,89.56626643740375,1.276633448979164,24400
740,61,51,89.54974130351637,1.276633448979164,24888
741,61,52,89.53385162200448,1.276633448979164,25376
742,61,53,89.51856143337642,1.276633448979164,25864
743,61,54,89.50383744095052,1.276633448979164,26352
744,61,55,89.48964876887233,1.276633448979164,26840
745,61,56,89.47596674604743,1.276633448979164,27328
746,61,57,89.46276471280892,1.276633448979164,27816
747,61,58,89.45001784757682,1.276633448979164,28304
748,61,59,89.43770301113857,1.276633448979164,28792
749,61,60,89.42579860649589,1.276633448979164,29280
750,62,23,90.57584954727851,1.2560492373794785,11408
751,62,24,90.49956923608183,1.2560492373794785,11904
752,62,25,90.42938584460258,1.2560492373794785,12400
753,62,26,90.36459667993526,1.2560492373794785,12896
754,62,27,90.3046030123732,1.2560492373794785,13392
755,62,28,90.2488915388094,1.2560492373794785,13888
756,62,29,90.19701967483495,1.2560492373794785,14384
757,62,30,90.14860378380652,1.2560492373794785,14880
758,62,31,90.10330968082783,1.2560492373794785,15376
759,62,32,90.06084491480024,1.2560492373794785,15872
760,62,33,90.0209524519391,1.2560492373794785,16368
761,62,34,89.98340547262269,1.2560492373794785,16864
762,62,35,89.94800305920062,1.2560492373794785,17360
763,62,36,89.91456660173372,1.2560492373794785,17856
764,62,37,89.88293678600029,1.2560492373794785,18352
765,62,38,89.85297105662704,1.2560492373794785,18848
766,62,39,89.82454147015564,1.2560492373794785,19344
767,62,40,89.79753286987372,1.2560492373794785,19840
768,62,41,89.77184132752666,1.2560492373794785,20336
769,62,42,89.74737280746993,1.2560492373794785,20832
770,62,43,89.72404201708174,1.2560492373794785,21328
771,62,44,89.70177141382733,1.2560492373794785,21824
772,62,45,89.68049034462635,1.2560492373794785,22320
773,62,46,89.66013429740467,1.2560492373794785,22816
774,62,47,89.64064424813434,1.2560492373794785,23312
775,62,48,89.62196608944582,1.2560492373794785,23808
776,62,49,89.60405012916671,1.2560492373794785,24304
777,62,50,89.58685064900344,1.2560492373794785,24800
778,62,51,89.57032551511604,1.2560492373794785,25296
779,62,52,89.55443583360415,1.2560492373794785,25792
780,62,53,89.5391456449761,1.2560492373794785,26288
781,62,54,89.52442165255022,1.2560492373794785,26784
782,62,55,89.51023298047201,1.2560492373794785,27280
783,62,56,89.49655095764712,1.2560492373794785,27776
784,62,57,89.4833489244086,1.2560492373794785,28272
785,62,58,89.47060205917649,1.2560492373794785,28768
786,62,59,89.45828722273826,1.2560492373794785,29264
787,62,60,89.44638281809556,1.2560492373794785,29760
788,62,61,89.43486866409165,1.2560492373794785,30256
789,63,23,90.59578060090975,1.2361181837482365,11592
790,63,24,90.51950028971308,1.2361181837482365,12096
791,63,25,90.44931689823383,1.2361181837482365,12600
792,63,26,90.38452773356653,1.2361181837482365,13104
793,63,27,90.32453406600442,1.2361181837482365,13608
794,63,28,90.26882259244064,1.2361181837482365,14112
795,63,29,90.21695072846619,1.2361181837482365,14616
796,63,30,90.16853483743776,1.2361181837482365,15120
797,63,31,90.12324073445907,1.2361181837482365,15624
798,63,32,90.08077596843148,1.2361181837482365,16128
799,63,33,90.0408835055703,1.2361181837482365,16632
800,63,34,90.00333652625392,1.2361181837482365,17136
801,63,35,89.96793411283186,1.2361181837482365,17640
802,63,36,89.93449765536498,1.2361181837482365,18144
803,63,37,89.90286783963154,1.2361181837482365,18648
804,63,38,89.87290211025828,1.2361181837482365,19152
805,63,39,89.84447252378689,1.2361181837482365,19656
806,63,40,89.81746392350496,1.2361181837482365,20160
807,63,41,89.7917723811579,1.2361181837482365,20664
808,63,42,89.76730386110118,1.2361181837482365,21168
809,63,43,89.743973070713,1.2361181837482365,21672
810,63,44,89.72170246745858,1.2361181837482365,22176
811,63,45,89.7004213982576,1.2361181837482365,22680
812,63,46,89.6800653510359,1.2361181837482365,23184
813,63,47,89.66057530176559,1.2361181837482365,23688
814,63,48,89.64189714307706,1.2361181837482365,24192
815,63,49,89.62398118279796,1.2361181837482365,24696
816,63,50,89.60678170263469,1.2361181837482365,25200
817,63,51,89.5902565687473,1.2361181837482365,25704
818,63,52,89.5743668872354,1.2361181837482365,26208
819,63,53,89.55907669860734,1.2361181837482365,26712
820,63,54,89.54435270618146,1.2361181837482365,27216
821,63,55,89.53016403410327,1.2361181837482365,27720
822,63,56,89.51648201127836,1.2361181837482365,28224
823,63,57,89.50327997803984,1.2361181837482365,28728
824,63,58,89.49053311280774,1.2361181837482365,29232
825,63,59,89.4782182763695,1.2361181837482365,29736
826,63,60,89.46631387172681,1.2361181837482365,30240
827,63,61,89.45479971772289,1.2361181837482365,30744
828,63,62,89.44365693489527,1.2361181837482365,31248
829,64,24,90.53880878329882,1.2168096901625,12288
830,64,25,90.46862539181959,1.2168096901625,12800
831,64,26,90.40383622715224,1.2168096901625,13312
832,64,27,90.34384255959017,1.2168096901625,13824
833,64,28,90.28813108602638,1.2168096901625,14336
834,64,29,90.23625922205193,1.2168096901625,14848
835,64,30,90.1878433310235,1.2168096901625,15360
836,64,31,90.14254922804481,1.2168096901625,15872
837,64,32,90.10008446201722,1.2168096901625,16384
838,64,33,90.06019199915605,1.2168096901625,16896
839,64,34,90.02264501983966,1.2168096901625,17408
840,64,35,89.9872426064176,1.2168096901625,17920
841,64,36,89.9538061489507,1.2168096901625,18432
842,64,37,89.92217633321727,1.2168096901625,18944
843,64,38,89.892210603844,1.2168096901625,19456
844,64,39,89.86378101737262,1.2168096901625,19968
845,64,40,89.8367724170907,1.2168096901625,20480
846,64,41,89.81108087474362,1.2168096901625,20992
847,64,42,89.78661235468692,1.2168096901625,21504
848,64,43,89.76328156429874,1.2168096901625,22016
849,64,44,89.74101096104431,1.2168096901625,22528
850,64,45,89.71972989184333,1.2168096901625,23040
851,64,46,89.69937384462165,1.2168096901625,23552
852,64,47,89.67988379535133,1.2168096901625,24064
853,64,48,89.6612056366628,1.2168096901625,24576
854,64,49,89.64328967638369,1.2168096901625,25088
855,64,50,89.62609019622042,1.2168096901625,25600
856,64,51,89.60956506233303,1.2168096901625,26112
857,64,52,89.59367538082113,1.2168096901625,26624
858,64,53,89.57838519219308,1.2168096901625,27136
859,64,54,89.5636611997672,1.2168096901625,27648
860,64,55,89.549472527689,1.2168096901625,28160
861,64,56,89.5357905048641,1.2168096901625,28672
862,64,57,89.52258847162558,1.2168096901625,29184
863,64,58,89.50984160639345,1.2168096901625,29696
864,64,59,89.49752676995524,1.2168096901625,30208
865,64,60,89.48562236531254,1.2168096901625,30720
866,64,61,89.47410821130862,1.2168096901625,31232
867,64,62,89.46296542848101,1.2168096901625,31744
868,64,63,89.45217633578183,1.2168096901625,32256
869,65,24,90.55752343322925,1.1980950402320634,12480
870,65,25,90.48734004175002,1.1980950402320634,13000
871,65,26,90.4225508770827,1.1980950402320634,13520
872,65,27,90.3625572095206,1.1980950402320634,14040
873,65,28,90.30684573595681,1.1980950402320634,14560
874,65,29,90.25497387198236,1.1980950402320634,15080
875,65,30,90.20655798095393,1.1980950402320634,15600
876,65,31,90.16126387797524,1.1980950402320634,16120
877,65,32,90.11879911194765,1.1980950402320634,16640
878,65,33,90.07890664908648,1.1980950402320634,17160
879,65,34,90.0413596697701,1.1980950402320634,17680
880,65,35,90.00595725634803,1.1980950402320634,18200
881,65,36,89.97252079888115,1.1980950402320634,18720
882,65,37,89.94089098314771,1.1980950402320634,19240
883,65,38,89.91092525377445,1.1980950402320634,19760
884,65,39,89.88249566730306,1.1980950402320634,20280
885,65,40,89.85548706702113,1.1980950402320634,20800
886,65,41,89.82979552467407,1.1980950402320634,21320
887,65,42,89.80532700461735,1.1980950402320634,21840
888,65,43,89.78199621422917,1.1980950402320634,22360
889,65,44,89.75972561097475,1.1980950402320634,22880
890,65,45,89.73844454177377,1.1980950402320634,23400
891,65,46,89.71808849455209,1.1980950402320634,23920
892,65,47,89.69859844528176,1.1980950402320634,24440
893,65,48,89.67992028659323,1.1980950402320634,24960
894,65,49,89.66200432631413,1.1980950402320634,25480
895,65,50,89.64480484615086,1.1980950402320634,26000
896,65,51,89.62827971226346,1.1980950402320634,26520
897,65,52,89.61239003075157,1.1980950402320634,27040
898,65,53,89.59709984212351,1.1980950402320634,27560
899,65,54,89.58237584969763,1.1980950402320634,28080
900,65,55,89.56818717761944,1.1980950402320634,28600
901,65,56,89.55450515479453,1.1980950402320634,29120
902,65,57,89.54130312155601,1.1980950402320634,29640
903,65,58,89.5285562563239,1.1980950402320634,30160
904,65,59,89.51624141988567,1.1980950402320634,30680
905,65,60,89.50433701524298,1.1980950402320634,31200
906,65,61,89.49282286123906,1.1980950402320634,31720
907,65,62,89.48168007841144,1.1980950402320634,32240
908,65,63,89.47089098571226,1.1980950402320634,32760
909,65,64,89.46043900690786,1.1980950402320634,33280
910,66,24,90.57567121677647,1.1799472566848515,12672
911,66,25,90.50548782529722,1.1799472566848515,13200
912,66,26,90.44069866062989,1.1799472566848515,13728
913,66,27,90.38070499306781,1.1799472566848515,14256
914,66,28,90.32499351950403,1.1799472566848515,14784
915,66,29,90.27312165552958,1.1799472566848515,15312
916,66,30,90.22470576450115,1.1799472566848515,15840
917,66,31,90.17941166152247,1.1799472566848515,16368
918,66,32,90.13694689549486,1.1799472566848515,16896
919,66,33,90.0970544326337,1.1799472566848515,17424
920,66,34,90.05950745331731,1.1799472566848515,17952
921,66,35,90.02410503989523,1.1799472566848515,18480
922,66,36,89.99066858242834,1.1799472566848515,19008
923,66,37,89.95903876669493,1.1799472566848515,19536
924,66,38,89.92907303732167,1.1799472566848515,20064
925,66,39,89.90064345085025,1.1799472566848515,20592
926,66,40,89.87363485056835,1.1799472566848515,21120
927,66,41,89.84794330822128,1.1799472566848515,21648
928,66,42,89.82347478816457,1.1799472566848515,22176
929,66,43,89.80014399777637,1.1799472566848515,22704
930,66,44,89.77787339452198,1.1799472566848515,23232
931,66,45,89.756592325321,1.1799472566848515,23760
932,66,46,89.7362362780993,1.1799472566848515,24288
933,66,47,89.71674622882897,1.1799472566848515,24816
934,66,48,89.69806807014045,1.1799472566848515,25344
935,66,49,89.68015210986133,1.1799472566848515,25872
936,66,50,89.66295262969808,1.1799472566848515,26400
937,66,51,89.64642749581068,1.1799472566848515,26928
938,66,52,89.63053781429879,1.1799472566848515,27456
939,66,53,89.61524762567072,1.1799472566848515,27984
940,66,54,89.60052363324483,1.1799472566848515,28512
941,66,55,89.58633496116664,1.1799472566848515,29040
942,66,56,89.57265293834175,1.1799472566848515,29568
943,66,57,89.55945090510323,1.1799472566848515,30096
944,66,58,89.54670403987112,1.1799472566848515,30624
945,66,59,89.53438920343288,1.1799472566848515,31152
946,66,60,89.5224847987902,1.1799472566848515,31680
947,66,61,89.51097064478628,1.1799472566848515,32208
948,66,62,89.49982786195866,1.1799472566848515,32736
949,66,63,89.48903876925947,1.1799472566848515,33264
950,66,64,89.47858679045507,1.1799472566848515,33792
951,66,65,89.46845636916294,1.1799472566848515,34320
952,67,24,90.5932775017683,1.1623409716930386,12864
953,67,25,90.52309411028904,1.1623409716930386,13400
954,67,26,90.45830494562172,1.1623409716930386,13936
955,67,27,90.39831127805964,1.1623409716930386,14472
956,67,28,90.34259980449583,1.1623409716930386,15008
957,67,29,90.29072794052138,1.1623409716930386,15544
958,67,30,90.24231204949295,1.1623409716930386,16080
959,67,31,90.19701794651428,1.1623409716930386,16616
960,67,32,90.15455318048667,1.1623409716930386,17152
961,67,33,90.11466071762553,1.1623409716930386,17688
962,67,34,90.07711373830914,1.1623409716930386,18224
963,67,35,90.04171132488706,1.1623409716930386,18760
964,67,36,90.00827486742016,1.1623409716930386,19296
965,67,37,89.97664505168673,1.1623409716930386,19832
966,67,38,89.94667932231347,1.1623409716930386,20368
967,67,39,89.91824973584208,1.1623409716930386,20904
968,67,40,89.89124113556015,1.1623409716930386,21440
969,67,41,89.86554959321309,1.1623409716930386,21976
970,67,42,89.84108107315637,1.1623409716930386,22512
971,67,43,89.81775028276819,1.1623409716930386,23048
972,67,44,89.79547967951378,1.1623409716930386,23584
973,67,45,89.7741986103128,1.1623409716930386,24120
974,67,46,89.75384256309111,1.1623409716930386,24656
975,67,47,89.73435251382078,1.1623409716930386,25192
976,67,48,89.71567435513225,1.1623409716930386,25728
977,67,49,89.69775839485315,1.1623409716930386,26264
978,67,50,89.68055891468988,1.1623409716930386,26800
979,67,51,89.66403378080248,1.1623409716930386,27336
980,67,52,89.64814409929059,1.1623409716930386,27872
981,67,53,89.63285391066255,1.1623409716930386,28408
982,67,54,89.61812991823665,1.1623409716930386,28944
983,67,55,89.60394124615846,1.1623409716930386,29480
984,67,56,89.59025922333356,1.1623409716930386,30016
985,67,57,89.57705719009503,1.1623409716930386,30552
986,67,58,89.56431032486293,1.1623409716930386,31088
987,67,59,89.5519954884247,1.1623409716930386,31624
988,67,60,89.540091083782,1.1623409716930386,32160
989,67,61,89.52857692977808,1.1623409716930386,32696
990,67,62,89.51743414695046,1.1623409716930386,33232
991,67,63,89.50664505425128,1.1623409716930386,33768
992,67,64,89.49619307544688,1.1623409716930386,34304
993,67,65,89.48606265415475,1.1623409716930386,34840
994,67,66,89.47623917660209,1.1623409716930386,35376
995,68,25,90.54018277335227,1.1452523086297999,13600
996,68,26,90.47539360868494,1.1452523086297999,14144
997,68,27,90.41539994112289,1.1452523086297999,14688
998,68,28,90.35968846755908,1.1452523086297999,15232
999,68,29,90.30781660358463,1.1452523086297999,15776
1000,68,30,90.2594007125562,1.1452523086297999,16320
1001,68,31,90.21410660957751,1.1452523086297999,16864
1002,68,32,90.17164184354993,1.1452523086297999,17408
1003,68,33,90.13174938068876,1.1452523086297999,17952
1004,68,34,90.09420240137239,1.1452523086297999,18496
1005,68,35,90.05879998795028,1.1452523086297999,19040
1006,68,36,90.0253635304834,1.1452523086297999,19584
1007,68,37,89.99373371474998,1.1452523086297999,20128
1008,68,38,89.96376798537672,1.1452523086297999,20672
1009,68,39,89.93533839890532,1.1452523086297999,21216
1010,68,40,89.90832979862338,1.1452523086297999,21760
1011,68,41,89.88263825627632,1.1452523086297999,22304
1012,68,42,89.85816973621962,1.1452523086297999,22848
1013,68,43,89.83483894583142,1.1452523086297999,23392
1014,68,44,89.81256834257701,1.1452523086297999,23936
1015,68,45,89.79128727337604,1.1452523086297999,24480
1016,68,46,89.77093122615435,1.1452523086297999,25024
1017,68,47,89.75144117688403,1.1452523086297999,25568
1018,68,48,89.73276301819551,1.1452523086297999,26112
1019,68,49,89.71484705791639,1.1452523086297999,26656
1020,68,50,89.69764757775313,1.1452523086297999,27200
1021,68,51,89.68112244386573,1.1452523086297999,27744
1022,68,52,89.66523276235384,1.1452523086297999,28288
1023,68,53,89.64994257372578,1.1452523086297999,28832
1024,68,54,89.63521858129988,1.1452523086297999,29376
1025,68,55,89.62102990922169,1.1452523086297999,29920
1026,68,56,89.6073478863968,1.1452523086297999,30464
1027,68,57,89.59414585315828,1.1452523086297999,31008
1028,68,58,89.58139898792616,1.1452523086297999,31552
1029,68,59,89.56908415148793,1.1452523086297999,32096
1030,68,60,89.55717974684525,1.1452523086297999,32640
1031,68,61,89.54566559284132,1.1452523086297999,33184
1032,68,62,89.53452281001371,1.1452523086297999,33728
1033,68,63,89.52373371731453,1.1452523086297999,34272
1034,68,64,89.51328173851012,1.1452523086297999,34816
1035,68,65,89.503151317218,1.1452523086297999,35360
1036,68,66,89.49332783966533,1.1452523086297999,35904
1037,68,67,89.48379756436265,1.1452523086297999,36448
1038,69,25,90.55677630788372,1.1286587740983438,13800
1039,69,26,90.4919871432164,1.1286587740983438,14352
1040,69,27,90.43199347565432,1.1286587740983438,14904
1041,69,28,90.37628200209055,1.1286587740983438,15456
1042,69,29,90.3244101381161,1.1286587740983438,16008
1043,69,30,90.27599424708767,1.1286587740983438,16560
1044,69,31,90.23070014410895,1.1286587740983438,17112
1045,69,32,90.18823537808137,1.1286587740983438,17664
1046,69,33,90.14834291522021,1.1286587740983438,18216
1047,69,34,90.11079593590382,1.1286587740983438,18768
1048,69,35,90.07539352248175,1.1286587740983438,19320
1049,69,36,90.04195706501487,1.1286587740983438,19872
1050,69,37,90.01032724928142,1.1286587740983438,20424
1051,69,38,89.98036151990817,1.1286587740983438,20976
1052,69,39,89.95193193343678,1.1286587740983438,21528
1053,69,40,89.92492333315485,1.1286587740983438,22080
1054,69,41,89.89923179080779,1.1286587740983438,22632
1055,69,42,89.87476327075107,1.1286587740983438,23184
1056,69,43,89.85143248036289,1.1286587740983438,23736
1057,69,44,89.82916187710848,1.1286587740983438,24288
1058,69,45,89.8078808079075,1.1286587740983438,24840
1059,69,46,89.7875247606858,1.1286587740983438,25392
1060,69,47,89.76803471141548,1.1286587740983438,25944
1061,69,48,89.74935655272695,1.1286587740983438,26496
1062,69,49,89.73144059244785,1.1286587740983438,27048
1063,69,50,89.71424111228458,1.1286587740983438,27600
1064,69,51,89.69771597839718,1.1286587740983438,28152
1065,69,52,89.68182629688529,1.1286587740983438,28704
1066,69,53,89.66653610825723,1.1286587740983438,29256
1067,69,54,89.65181211583135,1.1286587740983438,29808
1068,69,55,89.63762344375316,1.1286587740983438,30360
1069,69,56,89.62394142092825,1.1286587740983438,30912
1070,69,57,89.61073938768973,1.1286587740983438,31464
1071,69,58,89.59799252245763,1.1286587740983438,32016
1072,69,59,89.5856776860194,1.1286587740983438,32568
1073,69,60,89.5737732813767,1.1286587740983438,33120
1074,69,61,89.56225912737278,1.1286587740983438,33672
1075,69,62,89.55111634454516,1.1286587740983438,34224
1076,69,63,89.54032725184598,1.1286587740983438,34776
1077,69,64,89.52987527304158,1.1286587740983438,35328
1078,69,65,89.51974485174945,1.1286587740983438,35880
1079,69,66,89.5099213741968,1.1286587740983438,36432
1080,69,67,89.5003910988941,1.1286587740983438,36984
1081,69,68,89.49114109251224,1.1286587740983438,37536
1082,70,25,90.57289592277498,1.112539159207086,14000
1083,70,26,90.50810675810766,1.112539159207086,14560
1084,70,27,90.44811309054559,1.112539159207086,15120
1085,70,28,90.3924016169818,1.112539159207086,15680
1086,70,29,90.34052975300735,1.112539159207086,16240
1087,70,30,90.2921138619789,1.112539159207086,16800
1088,70,31,90.24681975900023,1.112539159207086,17360
1089,70,32,90.20435499297264,1.112539159207086,17920
1090,70,33,90.16446253011146,1.112539159207086,18480
1091,70,34,90.12691555079509,1.112539159207086,19040
1092,70,35,90.09151313737301,1.112539159207086,19600
1093,70,36,90.05807667990611,1.112539159207086,20160
1094,70,37,90.0264468641727,1.112539159207086,20720
1095,70,38,89.99648113479942,1.112539159207086,21280
1096,70,39,89.96805154832802,1.112539159207086,21840
1097,70,40,89.9410429480461,1.112539159207086,22400
1098,70,41,89.91535140569904,1.112539159207086,22960
1099,70,42,89.89088288564234,1.112539159207086,23520
1100,70,43,89.86755209525414,1.112539159207086,24080
1101,70,44,89.84528149199973,1.112539159207086,24640
1102,70,45,89.82400042279875,1.112539159207086,25200
1103,70,46,89.80364437557706,1.112539159207086,25760
1104,70,47,89.78415432630673,1.112539159207086,26320
1105,70,48,89.76547616761822,1.112539159207086,26880
1106,70,49,89.74756020733909,1.112539159207086,27440
1107,70,50,89.73036072717584,1.112539159207086,28000
1108,70,51,89.71383559328844,1.112539159207086,28560
1109,70,52,89.69794591177654,1.112539159207086,29120
1110,70,53,89.6826557231485,1.112539159207086,29680
1111,70,54,89.6679317307226,1.112539159207086,30240
1112,70,55,89.6537430586444,1.112539159207086,30800
1113,70,56,89.64006103581951,1.112539159207086,31360
1114,70,57,89.626859002581,1.112539159207086,31920
1115,70,58,89.61411213734888,1.112539159207086,32480
1116,70,59,89.60179730091065,1.112539159207086,33040
1117,70,60,89.58989289626795,1.112539159207086,33600
1118,70,61,89.57837874226404,1.112539159207086,34160
1119,70,62,89.56723595943643,1.112539159207086,34720
1120,70,63,89.55644686673725,1.112539159207086,35280
1121,70,64,89.54599488793284,1.112539159207086,35840
1122,70,65,89.53586446664072,1.112539159207086,36400
1123,70,66,89.52604098908805,1.112539159207086,36960
1124,70,67,89.51651071378537,1.112539159207086,37520
1125,70,68,89.5072607074035,1.112539159207086,38080
1126,70,69,89.49827878622528,1.112539159207086,38640
1127,71,25,90.58856163280178,1.0968734491803018,14200
1128,71,26,90.52377246813445,1.0968734491803018,14768
1129,71,27,90.46377880057237,1.0968734491803018,15336
1130,71,28,90.40806732700858,1.0968734491803018,15904
1131,71,29,90.35619546303413,1.0968734491803018,16472
1132,71,30,90.3077795720057,1.0968734491803018,17040
1133,71,31,90.26248546902701,1.0968734491803018,17608
1134,71,32,90.22002070299942,1.0968734491803018,18176
1135,71,33,90.18012824013825,1.0968734491803018,18744
1136,71,34,90.14258126082187,1.0968734491803018,19312
1137,71,35,90.1071788473998,1.0968734491803018,19880
1138,71,36,90.0737423899329,1.0968734491803018,20448
1139,71,37,90.04211257419948,1.0968734491803018,21016
1140,71,38,90.01214684482622,1.0968734491803018,21584
1141,71,39,89.98371725835482,1.0968734491803018,22152
1142,71,40,89.9567086580729,1.0968734491803018,22720
1143,71,41,89.93101711572582,1.0968734491803018,23288
1144,71,42,89.90654859566912,1.0968734491803018,23856
1145,71,43,89.8832178052809,1.0968734491803018,24424
1146,71,44,89.86094720202651,1.0968734491803018,24992
1147,71,45,89.83966613282553,1.0968734491803018,25560
1148,71,46,89.81931008560385,1.0968734491803018,26128
1149,71,47,89.79982003633353,1.0968734491803018,26696
1150,71,48,89.78114187764501,1.0968734491803018,27264
1151,71,49,89.76322591736589,1.0968734491803018,27832
1152,71,50,89.74602643720262,1.0968734491803018,28400
1153,71,51,89.72950130331523,1.0968734491803018,28968
1154,71,52,89.71361162180334,1.0968734491803018,29536
1155,71,53,89.69832143317527,1.0968734491803018,30104
1156,71,54,89.6835974407494,1.0968734491803018,30672
1157,71,55,89.66940876867119,1.0968734491803018,31240
1158,71,56,89.6557267458463,1.0968734491803018,31808
1159,71,57,89.64252471260778,1.0968734491803018,32376
1160,71,58,89.62977784737566,1.0968734491803018,32944
1161,71,59,89.61746301093744,1.0968734491803018,33512
1162,71,60,89.60555860629474,1.0968734491803018,34080
1163,71,61,89.59404445229083,1.0968734491803018,34648
1164,71,62,89.58290166946321,1.0968734491803018,35216
1165,71,63,89.57211257676401,1.0968734491803018,35784
1166,71,64,89.56166059795962,1.0968734491803018,36352
1167,71,65,89.5515301766675,1.0968734491803018,36920
1168,71,66,89.54170669911484,1.0968734491803018,37488
1169,71,67,89.53217642381215,1.0968734491803018,38056
1170,71,68,89.52292641743027,1.0968734491803018,38624
1171,71,69,89.51394449625207,1.0968734491803018,39192
1172,71,70,89.50521917264074,1.0968734491803018,39760
1173,72,26,90.53900317682006,1.08164274049469,14976
1174,72,27,90.47900950925798,1.08164274049469,15552
1175,72,28,90.4232980356942,1.08164274049469,16128
1176,72,29,90.37142617171975,1.08164274049469,16704
1177,72,30,90.32301028069132,1.08164274049469,17280
1178,72,31,90.27771617771263,1.08164274049469,17856
1179,72,32,90.23525141168503,1.08164274049469,18432
1180,72,33,90.19535894882387,1.08164274049469,19008
1181,72,34,90.15781196950748,1.08164274049469,19584
1182,72,35,90.1224095560854,1.08164274049469,20160
1183,72,36,90.0889730986185,1.08164274049469,20736
1184,72,37,90.05734328288509,1.08164274049469,21312
1185,72,38,90.02737755351183,1.08164274049469,21888
1186,72,39,89.99894796704042,1.08164274049469,22464
1187,72,40,89.9719393667585,1.08164274049469,23040
1188,72,41,89.94624782441144,1.08164274049469,23616
1189,72,42,89.92177930435474,1.08164274049469,24192
1190,72,43,89.89844851396653,1.08164274049469,24768
1191,72,44,89.87617791071212,1.08164274049469,25344
1192,72,45,89.85489684151115,1.08164274049469,25920
1193,72,46,89.83454079428947,1.08164274049469,26496
1194,72,47,89.81505074501912,1.08164274049469,27072
1195,72,48,89.79637258633062,1.08164274049469,27648
1196,72,49,89.7784566260515,1.08164274049469,28224
1197,72,50,89.76125714588824,1.08164274049469,28800
1198,72,51,89.74473201200082,1.08164274049469,29376
1199,72,52,89.72884233048894,1.08164274049469,29952
1200,72,53,89.71355214186089,1.08164274049469,30528
1201,72,54,89.69882814943499,1.08164274049469,31104
1202,72,55,89.68463947735681,1.08164274049469,31680
1203,72,56,89.6709574545319,1.08164274049469,32256
1204,72,57,89.6577554212934,1.08164274049469,32832
1205,72,58,89.64500855606127,1.08164274049469,33408
1206,72,59,89.63269371962303,1.08164274049469,33984
1207,72,60,89.62078931498036,1.08164274049469,34560
1208,72,61,89.60927516097642,1.08164274049469,35136
1209,72,62,89.59813237814883,1.08164274049469,35712
1210,72,63,89.58734328544963,1.08164274049469,36288
1211,72,64,89.57689130664522,1.08164274049469,36864
1212,72,65,89.5667608853531,1.08164274049469,37440
1213,72,66,89.55693740780045,1.08164274049469,38016
1214,72,67,89.54740713249775,1.08164274049469,38592
1215,72,68,89.5381571261159,1.08164274049469,39168
1216,72,69,89.52917520493769,1.08164274049469,39744
1217,72,70,89.52044988132634,1.08164274049469,40320
1218,72,71,89.51197031471675,1.08164274049469,40896
1219,73,26,90.55381675249389,1.066829164820871,15184
1220,73,27,90.4938230849318,1.066829164820871,15768
1221,73,28,90.43811161136802,1.066829164820871,16352
1222,73,29,90.38623974739357,1.066829164820871,16936
1223,73,30,90.33782385636513,1.066829164820871,17520
1224,73,31,90.29252975338643,1.066829164820871,18104
1225,73,32,90.25006498735885,1.066829164820871,18688
1226,73,33,90.21017252449768,1.066829164820871,19272
1227,73,34,90.1726255451813,1.066829164820871,19856
1228,73,35,90.13722313175923,1.066829164820871,20440
1229,73,36,90.10378667429234,1.066829164820871,21024
1230,73,37,90.0721568585589,1.066829164820871,21608
1231,73,38,90.04219112918564,1.066829164820871,22192
1232,73,39,90.01376154271425,1.066829164820871,22776
1233,73,40,89.98675294243233,1.066829164820871,23360
1234,73,41,89.96106140008526,1.066829164820871,23944
1235,73,42,89.93659288002856,1.066829164820871,24528
1236,73,43,89.91326208964036,1.066829164820871,25112
1237,73,44,89.89099148638596,1.066829164820871,25696
1238,73,45,89.86971041718498,1.066829164820871,26280
1239,73,46,89.84935436996328,1.066829164820871,26864
1240,73,47,89.82986432069296,1.066829164820871,27448
1241,73,48,89.81118616200443,1.066829164820871,28032
1242,73,49,89.7932702017253,1.066829164820871,28616
1243,73,50,89.77607072156206,1.066829164820871,29200
1244,73,51,89.75954558767467,1.066829164820871,29784
1245,73,52,89.74365590616277,1.066829164820871,30368
1246,73,53,89.7283657175347,1.066829164820871,30952
1247,73,54,89.71364172510881,1.066829164820871,31536
1248,73,55,89.69945305303062,1.066829164820871,32120
1249,73,56,89.68577103020573,1.066829164820871,32704
1250,73,57,89.67256899696721,1.066829164820871,33288
1251,73,58,89.6598221317351,1.066829164820871,33872
1252,73,59,89.64750729529686,1.066829164820871,34456
1253,73,60,89.63560289065418,1.066829164820871,35040
1254,73,61,89.62408873665026,1.066829164820871,35624
1255,73,62,89.61294595382265,1.066829164820871,36208
1256,73,63,89.60215686112345,1.066829164820871,36792
1257,73,64,89.59170488231904,1.066829164820871,37376
1258,73,65,89.58157446102693,1.066829164820871,37960
1259,73,66,89.57175098347427,1.066829164820871,38544
1260,73,67,89.56222070817157,1.066829164820871,39128
1261,73,68,89.55297070178972,1.066829164820871,39712
1262,73,69,89.54398878061149,1.066829164820871,40296
1263,73,70,89.53526345700017,1.066829164820871,40880
1264,73,71,89.52678389039056,1.066829164820871,41464
1265,73,72,89.51853984236337,1.066829164820871,42048
1266,74,26,90.56823009818802,1.0524158191267297,15392
1267,74,27,90.50823643062593,1.0524158191267297,15984
1268,74,28,90.45252495706214,1.0524158191267297,16576
1269,74,29,90.4006530930877,1.0524158191267297,17168
1270,74,30,90.35223720205926,1.0524158191267297,17760
1271,74,31,90.30694309908057,1.0524158191267297,18352
1272,74,32,90.26447833305298,1.0524158191267297,18944
1273,74,33,90.22458587019183,1.0524158191267297,19536
1274,74,34,90.18703889087543,1.0524158191267297,20128
1275,74,35,90.15163647745337,1.0524158191267297,20720
1276,74,36,90.11820001998649,1.0524158191267297,21312
1277,74,37,90.08657020425304,1.0524158191267297,21904
1278,74,38,90.05660447487978,1.0524158191267297,22496
1279,74,39,90.0281748884084,1.0524158191267297,23088
1280,74,40,90.00116628812647,1.0524158191267297,23680
1281,74,41,89.97547474577941,1.0524158191267297,24272
1282,74,42,89.9510062257227,1.0524158191267297,24864
1283,74,43,89.9276754353345,1.0524158191267297,25456
1284,74,44,89.90540483208008,1.0524158191267297,26048
1285,74,45,89.8841237628791,1.0524158191267297,26640
1286,74,46,89.86376771565742,1.0524158191267297,27232
1287,74,47,89.84427766638709,1.0524158191267297,27824
1288,74,48,89.82559950769857,1.0524158191267297,28416
1289,74,49,89.80768354741946,1.0524158191267297,29008
1290,74,50,89.79048406725619,1.0524158191267297,29600
1291,74,51,89.7739589333688,1.0524158191267297,30192
1292,74,52,89.75806925185691,1.0524158191267297,30784
1293,74,53,89.74277906322885,1.0524158191267297,31376
1294,74,54,89.72805507080297,1.0524158191267297,31968
1295,74,55,89.71386639872476,1.0524158191267297,32560
1296,74,56,89.70018437589987,1.0524158191267297,33152
1297,74,57,89.68698234266135,1.0524158191267297,33744
1298,74,58,89.67423547742924,1.0524158191267297,34336
1299,74,59,89.66192064099101,1.0524158191267297,34928
1300,74,60,89.6500162363483,1.0524158191267297,35520
1301,74,61,89.6385020823444,1.0524158191267297,36112
1302,74,62,89.62735929951677,1.0524158191267297,36704
1303,74,63,89.6165702068176,1.0524158191267297,37296
1304,74,64,89.6061182280132,1.0524158191267297,37888
1305,74,65,89.59598780672107,1.0524158191267297,38480
1306,74,66,89.58616432916841,1.0524158191267297,39072
1307,74,67,89.57663405386572,1.0524158191267297,39664
1308,74,68,89.56738404748384,1.0524158191267297,40256
1309,74,69,89.55840212630565,1.0524158191267297,40848
1310,74,70,89.54967680269431,1.0524158191267297,41440
1311,74,71,89.5411972360847,1.0524158191267297,42032
1312,74,72,89.53295318805749,1.0524158191267297,42624
1313,74,73,89.52493498110499,1.0524158191267297,43216
1314,75,26,90.58225921594672,1.0383867013680228,15600
1315,75,27,90.52226554838464,1.0383867013680228,16200
1316,75,28,90.46655407482086,1.0383867013680228,16800
1317,75,29,90.41468221084641,1.0383867013680228,17400
1318,75,30,90.36626631981798,1.0383867013680228,18000
1319,75,31,90.3209722168393,1.0383867013680228,18600
1320,75,32,90.27850745081169,1.0383867013680228,19200
1321,75,33,90.23861498795054,1.0383867013680228,19800
1322,75,34,90.20106800863414,1.0383867013680228,20400
1323,75,35,90.16566559521206,1.0383867013680228,21000
1324,75,36,90.13222913774518,1.0383867013680228,21600
1325,75,37,90.10059932201176,1.0383867013680228,22200
1326,75,38,90.0706335926385,1.0383867013680228,22800
1327,75,39,90.0422040061671,1.0383867013680228,23400
1328,75,40,90.01519540588517,1.0383867013680228,24000
1329,75,41,89.9895038635381,1.0383867013680228,24600
1330,75,42,89.96503534348139,1.0383867013680228,25200
1331,75,43,89.9417045530932,1.0383867013680228,25800
1332,75,44,89.91943394983879,1.0383867013680228,26400
1333,75,45,89.89815288063781,1.0383867013680228,27000
1334,75,46,89.87779683341613,1.0383867013680228,27600
1335,75,47,89.8583067841458,1.0383867013680228,28200
1336,75,48,89.83962862545727,1.0383867013680228,28800
1337,75,49,89.82171266517817,1.0383867013680228,29400
1338,75,50,89.8045131850149,1.0383867013680228,30000
1339,75,51,89.7879880511275,1.0383867013680228,30600
1340,75,52,89.77209836961562,1.0383867013680228,31200
1341,75,53,89.75680818098755,1.0383867013680228,31800
1342,75,54,89.74208418856166,1.0383867013680228,32400
1343,75,55,89.72789551648347,1.0383867013680228,33000
1344,75,56,89.71421349365856,1.0383867013680228,33600
1345,75,57,89.70101146042005,1.0383867013680228,34200
1346,75,58,89.68826459518795,1.0383867013680228,34800
1347,75,59,89.67594975874971,1.0383867013680228,35400
1348,75,60,89.66404535410703,1.0383867013680228,36000
1349,75,61,89.6525312001031,1.0383867013680228,36600
1350,75,62,89.64138841727548,1.0383867013680228,37200
1351,75,63,89.6305993245763,1.0383867013680228,37800
1352,75,64,89.6201473457719,1.0383867013680228,38400
1353,75,65,89.61001692447977,1.0383867013680228,39000
1354,75,66,89.60019344692711,1.0383867013680228,39600
1355,75,67,89.59066317162441,1.0383867013680228,40200
1356,75,68,89.58141316524257,1.0383867013680228,40800
1357,75,69,89.57243124406435,1.0383867013680228,41400
1358,75,70,89.56370592045302,1.0383867013680228,42000
1359,75,71,89.5552263538434,1.0383867013680228,42600
1360,75,72,89.54698230581621,1.0383867013680228,43200
1361,75,73,89.53896409886372,1.0383867013680228,43800
1362,75,74,89.53116257849815,1.0383867013680228,44400
1363,76,26,90.59591926606265,1.0247266512520934,15808
1364,76,27,90.5359255985006,1.0247266512520934,16416
1365,76,28,90.4802141249368,1.0247266512520934,17024
1366,76,29,90.42834226096234,1.0247266512520934,17632
1367,76,30,90.37992636993391,1.0247266512520934,18240
1368,76,31,90.33463226695523,1.0247266512520934,18848
1369,76,32,90.29216750092762,1.0247266512520934,19456
1370,76,33,90.25227503806647,1.0247266512520934,20064
1371,76,34,90.21472805875007,1.0247266512520934,20672
1372,76,35,90.17932564532799,1.0247266512520934,21280
1373,76,36,90.14588918786112,1.0247266512520934,21888
1374,76,37,90.11425937212766,1.0247266512520934,22496
1375,76,38,90.08429364275442,1.0247266512520934,23104
1376,76,39,90.05586405628303,1.0247266512520934,23712
1377,76,40,90.0288554560011,1.0247266512520934,24320
1378,76,41,90.00316391365403,1.0247266512520934,24928
1379,76,42,89.97869539359732,1.0247266512520934,25536
1380,76,43,89.95536460320913,1.0247266512520934,26144
1381,76,44,89.93309399995472,1.0247266512520934,26752
1382,76,45,89.91181293075374,1.0247266512520934,27360
1383,76,46,89.89145688353206,1.0247266512520934,27968
1384,76,47,89.87196683426173,1.0247266512520934,28576
1385,76,48,89.8532886755732,1.0247266512520934,29184
1386,76,49,89.8353727152941,1.0247266512520934,29792
1387,76,50,89.81817323513083,1.0247266512520934,30400
1388,76,51,89.80164810124343,1.0247266512520934,31008
1389,76,52,89.78575841973154,1.0247266512520934,31616
1390,76,53,89.7704682311035,1.0247266512520934,32224
1391,76,54,89.7557442386776,1.0247266512520934,32832
1392,76,55,89.7415555665994,1.0247266512520934,33440
1393,76,56,89.7278735437745,1.0247266512520934,34048
1394,76,57,89.71467151053598,1.0247266512520934,34656
1395,76,58,89.70192464530388,1.0247266512520934,35264
1396,76,59,89.68960980886564,1.0247266512520934,35872
1397,76,60,89.67770540422296,1.0247266512520934,36480
1398,76,61,89.66619125021903,1.0247266512520934,37088
1399,76,62,89.65504846739141,1.0247266512520934,37696
1400,76,63,89.64425937469223,1.0247266512520934,38304
1401,76,64,89.63380739588783,1.0247266512520934,38912
1402,76,65,89.6236769745957,1.0247266512520934,39520
1403,76,66,89.61385349704304,1.0247266512520934,40128
1404,76,67,89.60432322174033,1.0247266512520934,40736
1405,76,68,89.5950732153585,1.0247266512520934,41344
1406,76,69,89.58609129418028,1.0247266512520934,41952
1407,76,70,89.57736597056895,1.0247266512520934,42560
1408,76,71,89.56888640395933,1.0247266512520934,43168
1409,76,72,89.56064235593215,1.0247266512520934,43776
1410,76,73,89.55262414897965,1.0247266512520934,44384
1411,76,74,89.54482262861409,1.0247266512520934,44992
1412,76,75,89.53722912850662,1.0247266512520934,45600
1413,77,27,90.54923095413878,1.0114212956139048,16632
1414,77,28,90.49351948057497,1.0114212956139048,17248
1415,77,29,90.44164761660052,1.0114212956139048,17864
1416,77,30,90.3932317255721,1.0114212956139048,18480
1417,77,31,90.34793762259342,1.0114212956139048,19096
1418,77,32,90.3054728565658,1.0114212956139048,19712
1419,77,33,90.26558039370465,1.0114212956139048,20328
1420,77,34,90.22803341438828,1.0114212956139048,20944
1421,77,35,90.19263100096617,1.0114212956139048,21560
1422,77,36,90.1591945434993,1.0114212956139048,22176
1423,77,37,90.12756472776586,1.0114212956139048,22792
1424,77,38,90.09759899839263,1.0114212956139048,23408
1425,77,39,90.06916941192121,1.0114212956139048,24024
1426,77,40,90.04216081163928,1.0114212956139048,24640
1427,77,41,90.01646926929223,1.0114212956139048,25256
1428,77,42,89.99200074923552,1.0114212956139048,25872
1429,77,43,89.96866995884731,1.0114212956139048,26488
1430,77,44,89.94639935559292,1.0114212956139048,27104
1431,77,45,89.92511828639194,1.0114212956139048,27720
1432,77,46,89.90476223917024,1.0114212956139048,28336
1433,77,47,89.88527218989992,1.0114212956139048,28952
1434,77,48,89.86659403121139,1.0114212956139048,29568
1435,77,49,89.84867807093228,1.0114212956139048,30184
1436,77,50,89.83147859076902,1.0114212956139048,30800
1437,77,51,89.81495345688161,1.0114212956139048,31416
1438,77,52,89.79906377536973,1.0114212956139048,32032
1439,77,53,89.78377358674167,1.0114212956139048,32648
1440,77,54,89.76904959431577,1.0114212956139048,33264
1441,77,55,89.75486092223758,1.0114212956139048,33880
1442,77,56,89.74117889941269,1.0114212956139048,34496
1443,77,57,89.72797686617417,1.0114212956139048,35112
1444,77,58,89.71523000094206,1.0114212956139048,35728
1445,77,59,89.70291516450382,1.0114212956139048,36344
1446,77,60,89.69101075986114,1.0114212956139048,36960
1447,77,61,89.67949660585722,1.0114212956139048,37576
1448,77,62,89.6683538230296,1.0114212956139048,38192
1449,77,63,89.65756473033042,1.0114212956139048,38808
1450,77,64,89.64711275152601,1.0114212956139048,39424
1451,77,65,89.63698233023389,1.0114212956139048,40040
1452,77,66,89.62715885268123,1.0114212956139048,40656
1453,77,67,89.61762857737853,1.0114212956139048,41272
1454,77,68,89.60837857099668,1.0114212956139048,41888
1455,77,69,89.59939664981847,1.0114212956139048,42504
1456,77,70,89.59067132620713,1.0114212956139048,43120
1457,77,71,89.58219175959752,1.0114212956139048,43736
1458,77,72,89.57394771157033,1.0114212956139048,44352
1459,77,73,89.56592950461783,1.0114212956139048,44968
1460,77,74,89.55812798425228,1.0114212956139048,45584
1461,77,75,89.55053448414482,1.0114212956139048,46200
1462,77,76,89.54314079401597,1.0114212956139048,46816
1463,78,27,90.56219525176185,0.998456997990819,16848
1464,78,28,90.50648377819806,0.998456997990819,17472
1465,78,29,90.4546119142236,0.998456997990819,18096
1466,78,30,90.40619602319518,0.998456997990819,18720
1467,78,31,90.36090192021649,0.998456997990819,19344
1468,78,32,90.3184371541889,0.998456997990819,19968
1469,78,33,90.27854469132772,0.998456997990819,20592
1470,78,34,90.24099771201134,0.998456997990819,21216
1471,78,35,90.20559529858927,0.998456997990819,21840
1472,78,36,90.17215884112238,0.998456997990819,22464
1473,78,37,90.14052902538896,0.998456997990819,23088
1474,78,38,90.1105632960157,0.998456997990819,23712
1475,78,39,90.0821337095443,0.998456997990819,24336
1476,78,40,90.05512510926238,0.998456997990819,24960
1477,78,41,90.0294335669153,0.998456997990819,25584
1478,78,42,90.00496504685862,0.998456997990819,26208
1479,78,43,89.9816342564704,0.998456997990819,26832
1480,78,44,89.959363653216,0.998456997990819,27456
1481,78,45,89.93808258401502,0.998456997990819,28080
1482,78,46,89.91772653679334,0.998456997990819,28704
1483,78,47,89.89823648752301,0.998456997990819,29328
1484,78,48,89.87955832883448,0.998456997990819,29952
1485,78,49,89.86164236855538,0.998456997990819,30576
1486,78,50,89.84444288839211,0.998456997990819,31200
1487,78,51,89.82791775450471,0.998456997990819,31824
1488,78,52,89.81202807299282,0.998456997990819,32448
1489,78,53,89.79673788436475,0.998456997990819,33072
1490,78,54,89.78201389193887,0.998456997990819,33696
1491,78,55,89.76782521986068,0.998456997990819,34320
1492,78,56,89.75414319703577,0.998456997990819,34944
1493,78,57,89.74094116379726,0.998456997990819,35568
1494,78,58,89.72819429856514,0.998456997990819,36192
1495,78,59,89.71587946212692,0.998456997990819,36816
1496,78,60,89.70397505748423,0.998456997990819,37440
1497,78,61,89.69246090348031,0.998456997990819,38064
1498,78,62,89.68131812065269,0.998456997990819,38688
1499,78,63,89.6705290279535,0.998456997990819,39312
1500,78,64,89.6600770491491,0.998456997990819,39936
1501,78,65,89.64994662785698,0.998456997990819,40560
1502,78,66,89.64012315030432,0.998456997990819,41184
1503,78,67,89.63059287500161,0.998456997990819,41808
1504,78,68,89.62134286861976,0.998456997990819,42432
1505,78,69,89.61236094744154,0.998456997990819,43056
1506,78,70,89.60363562383021,0.998456997990819,43680
1507,78,71,89.5951560572206,0.998456997990819,44304
1508,78,72,89.58691200919341,0.998456997990819,44928
1509,78,73,89.57889380224091,0.998456997990819,45552
1510,78,74,89.57109228187537,0.998456997990819,46176
1511,78,75,89.56349878176789,0.998456997990819,46800
1512,78,76,89.55610509163907,0.998456997990819,47424
1513,78,77,89.5489034276508,0.998456997990819,48048
1514,79,27,90.57483143772829,0.9858208120243865,17064
1515,79,28,90.5191199641645,0.9858208120243865,17696
1516,79,29,90.46724810019003,0.9858208120243865,18328
1517,79,30,90.41883220916161,0.9858208120243865,18960
1518,79,31,90.37353810618293,0.9858208120243865,19592
1519,79,32,90.33107334015534,0.9858208120243865,20224
1520,79,33,90.29118087729417,0.9858208120243865,20856
1521,79,34,90.25363389797779,0.9858208120243865,21488
1522,79,35,90.21823148455569,0.9858208120243865,22120
1523,79,36,90.18479502708881,0.9858208120243865,22752
1524,79,37,90.15316521135539,0.9858208120243865,23384
1525,79,38,90.12319948198214,0.9858208120243865,24016
1526,79,39,90.09476989551072,0.9858208120243865,24648
1527,79,40,90.06776129522879,0.9858208120243865,25280
1528,79,41,90.04206975288174,0.9858208120243865,25912
1529,79,42,90.01760123282504,0.9858208120243865,26544
1530,79,43,89.99427044243683,0.9858208120243865,27176
1531,79,44,89.97199983918243,0.9858208120243865,27808
1532,79,45,89.95071876998145,0.9858208120243865,28440
1533,79,46,89.93036272275977,0.9858208120243865,29072
1534,79,47,89.91087267348944,0.9858208120243865,29704
1535,79,48,89.89219451480092,0.9858208120243865,30336
1536,79,49,89.87427855452181,0.9858208120243865,30968
1537,79,50,89.85707907435854,0.9858208120243865,31600
1538,79,51,89.84055394047114,0.9858208120243865,32232
1539,79,52,89.82466425895926,0.9858208120243865,32864
1540,79,53,89.80937407033119,0.9858208120243865,33496
1541,79,54,89.7946500779053,0.9858208120243865,34128
1542,79,55,89.7804614058271,0.9858208120243865,34760
1543,79,56,89.7667793830022,0.9858208120243865,35392
1544,79,57,89.75357734976369,0.9858208120243865,36024
1545,79,58,89.74083048453159,0.9858208120243865,36656
1546,79,59,89.72851564809334,0.9858208120243865,37288
1547,79,60,89.71661124345066,0.9858208120243865,37920
1548,79,61,89.70509708944674,0.9858208120243865,38552
1549,79,62,89.69395430661912,0.9858208120243865,39184
1550,79,63,89.68316521391993,0.9858208120243865,39816
1551,79,64,89.67271323511552,0.9858208120243865,40448
1552,79,65,89.66258281382342,0.9858208120243865,41080
1553,79,66,89.65275933627075,0.9858208120243865,41712
1554,79,67,89.64322906096805,0.9858208120243865,42344
1555,79,68,89.63397905458619,0.9858208120243865,42976
1556,79,69,89.62499713340799,0.9858208120243865,43608
1557,79,70,89.61627180979666,0.9858208120243865,44240
1558,79,71,89.60779224318703,0.9858208120243865,44872
1559,79,72,89.59954819515984,0.9858208120243865,45504
1560,79,73,89.59152998820736,0.9858208120243865,46136
1561,79,74,89.5837284678418,0.9858208120243865,46768
1562,79,75,89.57613496773433,0.9858208120243865,47400
1563,79,76,89.56874127760548,0.9858208120243865,48032
1564,79,77,89.56153961361723,0.9858208120243865,48664
1565,79,78,89.55452259104192,0.9858208120243865,49296
